City ID,City,Country,Date,Lat,Lng,Max Temp,Humidity,Cloudiness,Wind Speed
0,Cockburn Town,TC,2022-01-27 03:03:33,21.4612,-71.1419,77.58,73,0,13.04
1,Cape Town,ZA,2022-01-27 03:02:14,-33.9258,18.4232,66.34,79,0,1.01
2,Salinas,US,2022-01-27 02:59:57,36.6777,-121.6555,57.97,75,0,1.25
3,Dingle,PH,2022-01-27 03:03:34,10.9995,122.6711,84.65,73,97,10.25
4,Meulaboh,ID,2022-01-27 03:02:55,4.1363,96.1285,82.49,69,33,1.74
5,Shingu,JP,2022-01-27 03:03:35,33.7333,135.9833,52.68,43,100,0.56
6,Tasiilaq,GL,2022-01-27 03:03:36,65.6145,-37.6368,19.56,81,100,5.79
7,Yinchuan,CN,2022-01-27 03:03:36,38.4681,106.2731,25.59,38,74,4.81
8,Chokurdakh,RU,2022-01-27 03:03:37,70.6333,147.9167,-27.2,95,36,12.88
9,Longyearbyen,SJ,2022-01-27 03:03:38,78.2186,15.6401,8.44,66,75,2.3
10,Port Lincoln,AU,2022-01-27 03:03:38,-34.7333,135.8667,77.27,64,6,6.49
11,Saint-Junien,FR,2022-01-27 03:03:39,45.8833,0.9,34.38,77,1,3.0
12,Khatanga,RU,2022-01-27 03:02:53,71.9667,102.5,2.21,86,100,14.18
13,Torbay,CA,2022-01-27 03:03:40,47.6666,-52.7314,29.75,95,100,3.0
14,Hilo,US,2022-01-27 03:02:40,19.7297,-155.09,75.25,83,0,1.99
15,Lukulu,ZM,2022-01-27 03:03:41,-14.3707,23.242,65.23,95,100,4.14
16,Butaritari,KI,2022-01-27 03:03:42,3.0707,172.7902,82.06,78,17,13.02
17,Piacabucu,BR,2022-01-27 03:03:42,-10.4056,-36.4344,77.67,83,19,7.81
18,Salalah,OM,2022-01-27 03:03:43,17.0151,54.0924,66.29,72,20,3.44
19,Atuona,PF,2022-01-27 03:03:43,-9.8,-139.0333,78.98,78,18,20.2
20,Lebu,CL,2022-01-27 03:03:44,-37.6167,-73.65,57.63,91,2,9.19
21,Tautira,PF,2022-01-27 03:03:44,-17.7333,-149.15,86.0,78,37,15.01
22,Jamestown,US,2022-01-27 03:01:49,42.097,-79.2353,8.71,85,0,6.91
23,Nikolskoye,RU,2022-01-27 03:03:45,59.7035,30.7861,24.87,93,100,10.6
24,Ushuaia,AR,2022-01-27 03:01:40,-54.8,-68.3,46.58,96,100,3.4
25,Elat,IL,2022-01-27 03:03:46,29.5581,34.9482,46.24,66,20,0.0
26,Busselton,AU,2022-01-27 03:03:47,-33.65,115.3333,77.09,37,0,7.45
27,Avarua,CK,2022-01-27 03:03:48,-21.2078,-159.775,82.45,83,40,12.66
28,Kasongo-Lunda,CD,2022-01-27 03:03:48,-6.4667,16.8167,67.21,97,100,0.67
29,Punta Arenas,CL,2022-01-27 03:03:49,-53.15,-70.9167,50.11,76,40,25.32
30,Kahului,US,2022-01-27 02:58:57,20.8947,-156.47,77.97,81,5,7.0
31,Naze,JP,2022-01-27 03:03:50,28.3667,129.4833,62.78,70,91,4.54
32,Ancud,CL,2022-01-27 03:03:50,-41.8697,-73.8203,56.73,76,0,2.3
33,Crotone,IT,2022-01-27 03:03:51,39.0851,17.1178,46.11,68,0,5.46
34,Port Alfred,ZA,2022-01-27 03:03:52,-33.5906,26.891,72.3,92,84,3.67
35,Hasaki,JP,2022-01-27 03:03:52,35.7333,140.8333,52.29,55,93,11.39
36,Carballo,ES,2022-01-27 03:03:53,43.213,-8.691,44.67,89,0,3.11
37,Bilibino,RU,2022-01-27 03:03:53,68.0546,166.4372,-29.99,95,40,3.02
38,Umm Kaddadah,SD,2022-01-27 03:03:54,13.6017,26.6876,54.5,27,66,21.61
39,Gigmoto,PH,2022-01-27 03:03:55,13.7796,124.39,82.2,78,100,9.82
40,Intipuca,SV,2022-01-27 03:03:55,13.1969,-88.0544,72.82,85,21,3.65
41,Ribeira Grande,PT,2022-01-27 03:03:56,38.5167,-28.7,59.7,79,25,12.75
42,Lavrentiya,RU,2022-01-27 03:03:56,65.5833,-171.0,-18.47,86,29,4.34
43,Albany,US,2022-01-27 03:00:10,42.6001,-73.9662,9.23,63,4,2.77
44,Bemidji,US,2022-01-27 02:59:47,47.4736,-94.8803,28.49,83,100,20.71
45,Rikitea,PF,2022-01-27 03:03:58,-23.1203,-134.9692,78.48,78,3,18.16
46,Berovo,MK,2022-01-27 03:03:50,41.7031,22.8578,19.44,95,62,4.14
47,Aleksandrov Gay,RU,2022-01-27 03:03:59,50.147,48.5704,9.59,100,97,3.76
48,Namatanai,PG,2022-01-27 03:03:59,-3.6667,152.4333,84.94,71,60,5.1
49,Tiksi,RU,2022-01-27 03:04:00,71.6872,128.8694,0.48,87,73,17.0
50,Ossora,RU,2022-01-27 03:05:01,59.2353,163.0719,17.62,94,100,18.75
51,Olafsvik,IS,2022-01-27 03:05:01,64.8945,-23.7142,34.05,59,100,5.57
52,Caravelas,BR,2022-01-27 03:01:47,-17.7125,-39.2481,74.41,93,56,3.96
53,Airai,TL,2022-01-27 03:00:23,-8.9266,125.4092,73.09,63,86,5.66
54,Tuatapere,NZ,2022-01-27 03:03:02,-46.1333,167.6833,56.82,49,18,8.93
55,Lerwick,GB,2022-01-27 03:05:04,60.1545,-1.1494,42.8,75,100,34.34
56,Collie,AU,2022-01-27 03:05:04,-33.3667,116.15,74.98,39,35,7.23
57,Arraial Do Cabo,BR,2022-01-27 03:05:05,-22.9661,-42.0278,75.42,86,7,24.4
58,Chuy,UY,2022-01-27 03:05:05,-33.6971,-53.4616,71.04,86,100,17.05
59,Victoria,HK,2022-01-27 03:03:52,22.2855,114.1577,70.32,89,52,11.88
60,Boo,SE,2022-01-27 03:05:07,59.3333,18.2833,35.98,89,100,8.05
61,Poum,NC,2022-01-27 03:05:08,-20.2333,164.0167,81.14,75,23,11.01
62,Mataura,NZ,2022-01-27 03:05:08,-46.1927,168.8643,56.48,38,38,7.29
63,Bengkulu,ID,2022-01-27 03:05:09,-3.8004,102.2655,81.19,76,100,1.14
64,Aklavik,CA,2022-01-27 03:05:10,68.2191,-135.0107,-9.04,98,100,3.67
65,Cherskiy,RU,2022-01-27 03:05:10,68.75,161.3,-42.74,98,38,3.78
66,Manama,BH,2022-01-27 03:05:11,26.2154,50.5832,66.18,65,0,4.61
67,Thompson,CA,2022-01-27 03:04:21,55.7435,-97.8558,-11.31,85,92,13.4
68,Hermanus,ZA,2022-01-27 03:05:11,-34.4187,19.2345,65.89,86,18,9.06
69,Souillac,MU,2022-01-27 03:01:04,-20.5167,57.5167,76.35,88,40,4.61
70,Georgetown,MY,2022-01-27 03:01:56,5.4112,100.3354,85.93,78,20,0.0
71,Hualmay,PE,2022-01-27 03:05:13,-11.0964,-77.6139,71.42,82,97,9.01
72,Toamasina,MG,2022-01-27 03:05:14,-18.1667,49.3833,73.18,84,75,6.4
73,Wanning,CN,2022-01-27 03:05:14,18.8003,110.3967,75.47,80,50,8.3
74,Dikson,RU,2022-01-27 03:05:15,73.5069,80.5464,11.82,92,100,27.65
75,Bandarbeyla,SO,2022-01-27 03:05:16,9.4942,50.8122,70.92,73,89,13.4
76,Neuwied,DE,2022-01-27 03:05:17,50.4333,7.4667,37.85,91,97,4.92
77,Japura,ID,2022-01-27 03:05:18,-0.3167,102.35,82.8,70,100,2.13
78,Mar Del Plata,AR,2022-01-27 03:05:18,-38.0023,-57.5575,64.09,71,0,1.99
79,Rawson,AR,2022-01-27 03:01:38,-43.3002,-65.1023,61.14,59,0,10.58
80,Severo-Kurilsk,RU,2022-01-27 03:05:19,50.6789,156.125,26.19,66,88,27.87
81,Boke,GN,2022-01-27 03:05:20,10.9409,-14.2967,67.91,79,90,0.72
82,Margate,GB,2022-01-27 03:03:55,51.3813,1.3862,44.46,83,97,4.0
83,Carlagan,PH,2022-01-27 03:05:21,14.975,122.0456,79.59,84,45,8.97
84,Coquimbo,CL,2022-01-27 03:05:21,-29.9533,-71.3436,60.53,82,0,3.44
85,Hami,CN,2022-01-27 03:05:22,42.8,93.45,24.4,40,9,2.64
86,Tucuman,AR,2022-01-27 03:05:23,-26.8241,-65.2226,69.8,94,100,4.61
87,Albion,US,2022-01-27 03:05:23,42.2431,-84.753,7.02,70,0,5.75
88,La Palma,US,2022-01-27 03:05:24,33.8464,-118.0467,64.9,64,0,1.01
89,Tomatlan,MX,2022-01-27 03:05:24,19.9333,-105.25,67.55,82,95,1.7
90,Alta Floresta,BR,2022-01-27 03:05:25,-9.8756,-56.0861,70.83,98,100,3.29
91,Brae,GB,2022-01-27 03:05:26,60.3964,-1.353,42.71,73,100,32.55
92,Moose Factory,CA,2022-01-27 03:05:27,51.2585,-80.6094,12.18,73,100,23.02
93,New Norfolk,AU,2022-01-27 03:05:28,-42.7826,147.0587,73.71,54,82,1.99
94,Touros,BR,2022-01-27 03:04:28,-5.1989,-35.4608,77.9,77,100,10.76
95,Maceio,BR,2022-01-27 03:06:30,-9.6658,-35.7353,78.24,88,40,3.44
96,Severobaykalsk,RU,2022-01-27 03:06:31,55.65,109.3167,-3.87,89,66,1.48
97,Djibo,BF,2022-01-27 03:06:31,14.1022,-1.6306,65.55,13,50,10.96
98,Saskylakh,RU,2022-01-27 03:06:32,71.9167,114.0833,-14.3,95,49,4.72
99,Berlevag,NO,2022-01-27 03:06:33,70.8578,29.0864,24.39,79,100,13.29
100,Birao,CF,2022-01-27 03:06:33,10.2849,22.7882,68.0,19,100,12.1
101,Chapais,CA,2022-01-27 03:06:34,49.7834,-74.8492,-6.43,85,52,13.22
102,Quebo,GW,2022-01-27 03:06:35,11.3333,-14.9333,68.18,67,98,2.19
103,Bolivar,US,2022-01-27 03:03:24,37.6145,-93.4105,31.59,39,97,8.63
104,Xuanzhou,CN,2022-01-27 03:06:36,30.9525,118.7553,40.1,95,100,9.13
105,Puerto Ayora,EC,2022-01-27 03:03:26,-0.7393,-90.3518,73.22,91,97,6.2
106,Bluff,NZ,2022-01-27 03:06:38,-46.6,168.3333,56.8,60,62,12.08
107,Sorland,NO,2022-01-27 03:06:38,67.667,12.6934,38.26,74,82,7.14
108,Ponta Pora,BR,2022-01-27 03:06:39,-22.5361,-55.7256,70.36,89,100,3.98
109,Hovd,MN,2022-01-27 03:06:40,48.0056,91.6419,-8.61,81,97,0.72
110,Yellowknife,CA,2022-01-27 03:06:40,62.456,-114.3525,4.41,92,100,4.0
111,Douentza,ML,2022-01-27 03:06:41,14.9951,-2.9517,64.24,14,64,4.23
112,Vanavara,RU,2022-01-27 03:06:42,60.34,102.2797,-13.79,98,68,0.92
113,Kirakira,SB,2022-01-27 03:06:43,-10.4544,161.9205,79.34,86,100,9.44
114,Lisala,CD,2022-01-27 03:06:44,2.15,21.5167,68.47,49,100,1.68
115,Cap Malheureux,MU,2022-01-27 03:06:44,-19.9842,57.6142,76.46,68,21,3.0
116,Tilichiki,RU,2022-01-27 03:06:45,60.4667,166.1,22.84,92,100,12.19
117,Marrakesh,MA,2022-01-27 03:06:46,31.6315,-8.0083,50.07,81,40,5.75
118,Esso,RU,2022-01-27 03:06:47,55.9333,158.7,12.45,74,100,3.62
119,Kibre Mengist,ET,2022-01-27 03:06:47,5.8833,38.9833,49.5,45,2,3.09
120,Constitucion,CL,2022-01-27 03:06:48,-35.3333,-72.4167,57.25,94,8,4.5
121,Kiama,AU,2022-01-27 03:05:50,-34.6833,150.8667,82.99,63,9,11.99
122,Alekseyevsk,RU,2022-01-27 03:06:49,57.8406,108.3492,-0.99,96,96,1.45
123,Nishihara,JP,2022-01-27 03:06:50,26.1842,127.7558,73.06,64,75,11.5
124,Calama,CL,2022-01-27 03:06:51,-22.4667,-68.9333,57.69,30,24,5.75
125,Mogadishu,SO,2022-01-27 03:06:51,2.0371,45.3438,74.26,81,10,14.25
126,Ilulissat,GL,2022-01-27 03:06:52,69.2167,-51.1,12.22,57,100,23.02
127,Mahajanga,MG,2022-01-27 03:06:52,-15.7167,46.3167,73.42,94,20,3.44
128,Castro,BR,2022-01-27 03:06:53,-24.7911,-50.0119,66.96,89,99,2.59
129,Makakilo City,US,2022-01-27 03:06:54,21.3469,-158.0858,77.32,56,0,9.22
130,Batagay-Alyta,RU,2022-01-27 03:06:55,67.8006,130.4114,-13.77,88,86,5.88
131,Husavik,IS,2022-01-27 03:06:55,66.0449,-17.3389,22.96,75,100,5.61
132,Ponta Do Sol,PT,2022-01-27 03:05:22,32.6667,-17.1,59.0,77,55,5.66
133,Roald,NO,2022-01-27 03:06:56,62.5833,6.1333,40.91,93,100,21.85
134,Acapulco,MX,2022-01-27 03:06:57,16.8634,-99.8901,78.62,83,20,3.44
135,Ahipara,NZ,2022-01-27 03:06:58,-35.1667,173.1667,71.85,54,1,16.11
136,Kavaratti,IN,2022-01-27 03:06:59,10.5669,72.642,77.47,65,89,9.84
137,Kodiak,US,2022-01-27 03:07:59,57.79,-152.4072,35.11,87,100,13.8
138,Provideniya,RU,2022-01-27 03:05:16,64.3833,-173.3,-2.09,71,75,6.71
139,Vaini,TO,2022-01-27 03:08:00,-21.2,-175.2,86.16,84,20,9.22
140,Dzhebariki-Khaya,RU,2022-01-27 03:08:01,62.2167,135.8,-29.72,96,53,1.07
141,Hithadhoo,MV,2022-01-27 03:05:50,-0.6,73.0833,81.9,74,88,20.78
142,Galiakot,IN,2022-01-27 03:08:02,23.5167,74.0,54.34,51,0,6.35
143,Qaanaaq,GL,2022-01-27 03:05:50,77.484,-69.3632,-8.7,60,71,9.01
144,Forio,IT,2022-01-27 03:08:03,40.7342,13.8646,48.81,65,76,4.99
145,Zeya,RU,2022-01-27 03:08:04,53.75,127.2667,2.32,63,59,2.42
146,Goderich,CA,2022-01-27 03:08:05,43.7501,-81.7165,13.91,80,95,19.04
147,Bijie,CN,2022-01-27 03:08:05,27.3125,105.2942,37.58,93,100,4.34
148,Negombo,LK,2022-01-27 03:08:06,7.2083,79.8358,73.45,100,92,2.3
149,Muros,ES,2022-01-27 03:04:28,42.7762,-9.0603,45.1,86,0,7.45
150,Hobart,AU,2022-01-27 03:08:07,-42.8794,147.3294,74.05,64,75,4.0
151,Vao,NC,2022-01-27 03:08:08,-22.6667,167.4833,78.4,83,80,17.49
152,Kapaa,US,2022-01-27 03:08:09,22.0752,-159.319,78.12,73,20,1.01
153,Haicheng,CN,2022-01-27 03:08:09,40.8516,122.7475,20.26,39,0,9.31
154,Tocopilla,CL,2022-01-27 03:08:10,-22.092,-70.1979,67.98,71,19,1.79
155,Codrington,AU,2022-01-27 03:08:11,-38.2667,141.9667,80.71,64,49,12.77
156,Cidreira,BR,2022-01-27 03:08:11,-30.1811,-50.2056,74.25,95,100,7.76
157,Celestun,MX,2022-01-27 03:08:13,20.8667,-90.4,73.13,83,9,13.15
158,Gonda,IN,2022-01-27 03:08:14,27.1333,81.9333,52.11,70,0,7.18
159,Yulara,AU,2022-01-27 03:08:14,-25.2406,130.9889,97.66,27,35,3.74
160,Jalu,LY,2022-01-27 03:08:15,29.0331,21.5482,49.51,65,75,6.33
161,Pisco,PE,2022-01-27 03:08:16,-13.7,-76.2167,69.85,73,0,14.97
162,Chhaprauli,IN,2022-01-27 03:08:16,29.2167,77.1833,47.7,73,0,5.21
163,Veraval,IN,2022-01-27 03:04:21,20.9,70.3667,61.99,44,1,14.2
164,Kigorobya,UG,2022-01-27 03:08:18,1.6162,31.3089,70.27,38,82,2.64
165,Okakarara,NA,2022-01-27 03:08:18,-20.5833,17.4333,70.79,54,91,5.37
166,Ulaangom,MN,2022-01-27 03:08:19,49.9811,92.0667,-13.85,96,100,1.41
167,Ustrzyki Dolne,PL,2022-01-27 03:08:20,49.4304,22.5938,29.98,100,100,8.63
168,Ballina,AU,2022-01-27 03:08:20,-28.8667,153.5667,79.95,71,14,10.54
169,Bundaberg,AU,2022-01-27 03:08:21,-24.85,152.35,83.21,68,100,3.0
170,Sur,OM,2022-01-27 03:05:53,22.5667,59.5289,66.29,52,1,4.03
171,Fairbanks,US,2022-01-27 03:06:59,64.8378,-147.7164,-6.99,77,0,0.0
172,Rapid Valley,US,2022-01-27 03:05:42,44.0625,-103.1463,37.38,53,0,1.99
173,Valleyview,CA,2022-01-27 03:04:29,55.0667,-117.2859,19.24,94,24,2.95
174,Vostok,RU,2022-01-27 03:08:23,46.4856,135.8833,7.63,84,100,4.54
175,Rakoshyno,UA,2022-01-27 03:08:24,48.4671,22.5969,26.55,97,100,3.24
176,Kimbe,PG,2022-01-27 03:08:24,-5.5502,150.1429,89.35,61,90,7.11
177,Yunyang,CN,2022-01-27 03:08:25,33.4474,112.7142,36.39,62,100,9.33
178,Shimoda,JP,2022-01-27 03:08:26,34.6667,138.95,51.1,69,100,6.53
179,Tonantins,BR,2022-01-27 03:08:26,-2.8731,-67.8022,73.04,98,93,1.72
180,Ketchikan,US,2022-01-27 03:08:27,55.3422,-131.6461,35.58,100,20,3.44
181,Novosergiyevka,RU,2022-01-27 03:08:27,52.0934,53.6528,1.02,100,86,4.81
182,Narsaq,GL,2022-01-27 03:08:28,60.9167,-46.05,23.22,66,99,17.47
183,Amapa,BR,2022-01-27 03:09:29,1.0,-52.0,70.3,99,69,1.54
184,Cabo San Lucas,MX,2022-01-27 03:09:29,22.8909,-109.9124,71.15,66,0,3.44
185,Tuktoyaktuk,CA,2022-01-27 03:05:05,69.4541,-133.0374,-9.69,95,95,16.69
186,Chebsara,RU,2022-01-27 03:09:30,59.2002,38.8356,15.13,100,100,4.41
187,Stromness,GB,2022-01-27 03:09:31,58.965,-3.296,43.05,71,88,35.99
188,Palmeirais,BR,2022-01-27 03:09:32,-5.9778,-43.0633,73.15,94,100,2.01
189,Havoysund,NO,2022-01-27 03:09:32,70.9963,24.6622,27.48,75,100,6.08
190,Vaitape,PF,2022-01-27 03:09:33,-16.5167,-151.75,81.0,77,23,17.76
191,Pierre,US,2022-01-27 03:09:33,44.3683,-100.351,40.12,57,100,1.99
192,Thunder Bay,CA,2022-01-27 03:09:34,48.4001,-89.3168,20.55,75,100,17.27
193,Vershino-Darasunskiy,RU,2022-01-27 03:09:35,52.35,115.5167,-3.32,84,31,3.09
194,Zaysan,KZ,2022-01-27 03:09:35,47.4667,84.8667,3.78,98,100,2.93
195,Mao,ES,2022-01-27 03:09:36,39.8885,4.2658,43.36,100,0,5.75
196,Melilla,ES,2022-01-27 03:09:37,35.2937,-2.9383,53.98,66,0,3.44
197,Norman Wells,CA,2022-01-27 03:07:55,65.282,-126.8329,-1.52,94,54,1.63
198,Carnarvon,AU,2022-01-27 03:09:38,-24.8667,113.6333,82.47,65,75,13.8
199,Marsh Harbour,BS,2022-01-27 03:07:20,26.5412,-77.0636,73.81,77,16,9.95
200,Dolores,AR,2022-01-27 03:09:39,-36.3132,-57.6792,56.23,69,5,11.83
201,Kaeo,NZ,2022-01-27 03:05:51,-35.1,173.7833,79.32,55,0,1.66
202,Luderitz,NA,2022-01-27 03:05:27,-26.6481,15.1594,67.46,73,2,19.62
203,Abu Dhabi,AE,2022-01-27 03:09:41,24.4667,54.3667,63.97,93,100,1.01
204,Cabedelo,BR,2022-01-27 03:09:41,-6.9811,-34.8339,75.87,81,85,9.46
205,Thinadhoo,MV,2022-01-27 03:09:42,0.5333,72.9333,81.45,71,100,18.43
206,Nijar,ES,2022-01-27 03:09:42,36.9665,-2.206,53.24,62,0,13.8
207,Longonjo,AO,2022-01-27 03:09:43,-12.9067,15.2533,61.36,97,99,1.54
208,Saldanha,ZA,2022-01-27 03:08:01,-33.0117,17.9442,63.82,92,0,12.26
209,Prudy,RU,2022-01-27 03:09:44,57.5738,46.2718,5.59,98,100,3.65
210,Barrow,US,2022-01-27 03:09:45,71.2906,-156.7887,-11.18,70,0,17.27
211,Aberdeen,GB,2022-01-27 03:09:45,57.1437,-2.0981,46.89,74,75,13.8
212,Bud,US,2022-01-27 03:09:46,39.447,-86.1758,15.82,68,0,5.48
213,Korla,CN,2022-01-27 03:09:47,41.7597,86.1469,24.66,60,0,1.5
214,Saint-Augustin,CA,2022-01-27 03:08:18,51.226,-58.6502,-13.68,83,1,9.44
215,Traverse City,US,2022-01-27 03:07:26,44.7631,-85.6206,18.95,76,75,18.41
216,Praia Da Vitoria,PT,2022-01-27 03:09:48,38.7333,-27.0667,57.76,88,31,11.07
217,Dahra,DZ,2022-01-27 03:09:49,36.2546,0.8519,46.4,55,92,6.71
218,Saint George,US,2022-01-27 03:09:49,37.1041,-113.5841,44.35,37,0,1.99
219,Acari,PE,2022-01-27 03:09:50,-15.4311,-74.6158,72.68,77,79,4.16
220,Honavar,IN,2022-01-27 03:09:50,14.2833,74.45,72.77,70,2,4.05
221,Mbeya,TZ,2022-01-27 03:09:51,-8.9,33.45,59.68,95,100,2.28
222,Luanda,AO,2022-01-27 03:09:52,-8.8368,13.2343,75.88,78,100,4.52
223,Saint-Leu,RE,2022-01-27 03:09:52,-21.15,55.2833,70.66,62,2,9.84
224,Komsomolskiy,UZ,2022-01-27 03:09:53,40.4272,71.7189,29.62,79,0,6.91
225,Sitka,US,2022-01-27 03:05:45,57.0531,-135.33,35.49,93,75,0.0
226,Saurimo,AO,2022-01-27 03:09:54,-9.6608,20.3916,62.55,97,100,3.44
227,Kashan,IR,2022-01-27 03:09:55,33.9831,51.4364,42.73,46,22,4.99
228,Santa Isabel Do Rio Negro,BR,2022-01-27 03:09:55,-0.4139,-65.0192,73.76,98,96,1.52
229,General Pico,AR,2022-01-27 03:04:57,-35.6566,-63.7568,64.24,52,51,11.72
230,Meadow Lake,US,2022-01-27 03:09:56,34.8014,-106.5436,37.33,62,2,7.78
231,Spas-Demensk,RU,2022-01-27 03:10:57,54.4122,34.0226,4.96,99,100,3.98
232,Bambous Virieux,MU,2022-01-27 03:10:58,-20.3428,57.7575,77.22,88,40,4.61
233,Lorengau,PG,2022-01-27 03:10:58,-2.0226,147.2712,84.45,73,99,7.18
234,Winnemucca,US,2022-01-27 03:10:59,40.973,-117.7357,29.1,68,0,0.0
235,Bushehr,IR,2022-01-27 03:11:00,28.9684,50.8385,65.52,69,1,16.62
236,Cayenne,GF,2022-01-27 03:07:00,4.9333,-52.3333,73.44,100,75,3.44
237,Rio De Janeiro,BR,2022-01-27 03:11:01,-22.9028,-43.2075,84.2,61,0,3.44
238,Klyuchi,RU,2022-01-27 03:11:01,52.2667,79.1667,-9.36,100,98,5.39
239,Mangrol,IN,2022-01-27 03:11:03,21.1167,70.1167,60.6,45,0,10.67
240,Alamosa,US,2022-01-27 03:11:03,37.4695,-105.87,15.66,100,0,6.91
241,Hay River,CA,2022-01-27 03:11:04,60.8156,-115.7999,5.54,98,44,6.2
242,Isangel,VU,2022-01-27 03:11:05,-19.55,169.2667,83.3,78,100,2.95
243,Adrar,MR,2022-01-27 03:11:05,20.5022,-10.0711,62.83,16,17,7.02
244,Garowe,SO,2022-01-27 03:11:06,8.4054,48.4845,60.17,83,69,8.01
245,Balkanabat,TM,2022-01-27 03:09:10,39.5108,54.3671,45.07,43,96,2.89
246,Jinxiang,CN,2022-01-27 03:11:07,27.4327,120.6062,58.15,86,73,10.63
247,Ajdabiya,LY,2022-01-27 03:11:08,30.7554,20.2263,52.36,65,100,5.39
248,Mangochi,MW,2022-01-27 03:11:09,-14.4782,35.2645,70.54,98,100,5.79
249,General Roca,AR,2022-01-27 03:11:10,-39.0333,-67.5833,74.53,31,0,17.92
250,Andenes,NO,2022-01-27 03:11:11,69.3143,16.1194,29.07,93,75,6.91
251,Eureka,US,2022-01-27 03:11:11,40.8021,-124.1637,47.19,85,0,3.6
252,Monroe,US,2022-01-27 03:06:43,43.1501,-77.6831,11.71,83,75,3.44
253,Vila Velha,BR,2022-01-27 03:11:12,-20.3297,-40.2925,74.95,84,0,3.44
254,Paramonga,PE,2022-01-27 03:11:13,-10.6667,-77.8333,71.51,82,90,8.88
255,Paredon,MX,2022-01-27 03:11:14,16.0333,-93.8667,78.67,68,30,12.57
256,North Myrtle Beach,US,2022-01-27 03:11:14,33.816,-78.68,38.05,63,0,10.36
257,Istok,XK,2022-01-27 03:11:15,42.7808,20.4875,29.32,81,15,3.11
258,Imeni Poliny Osipenko,RU,2022-01-27 03:11:16,52.4201,136.4853,-4.36,93,100,3.4
259,Srednekolymsk,RU,2022-01-27 03:11:16,67.45,153.6833,-39.96,99,45,2.95
260,Port Elizabeth,ZA,2022-01-27 03:06:20,-33.918,25.5701,66.09,91,100,1.43
261,Kununurra,AU,2022-01-27 03:09:04,-15.7667,128.7333,89.58,62,40,17.27
262,Ballitoville,ZA,2022-01-27 03:11:18,-29.539,31.2144,74.25,90,91,2.68
263,Nhulunbuy,AU,2022-01-27 03:07:08,-12.2333,136.7667,88.41,74,40,13.8
264,Guerrero Negro,MX,2022-01-27 03:11:19,27.9769,-114.0611,62.98,54,100,7.61
265,East London,ZA,2022-01-27 03:11:20,-33.0153,27.9116,72.41,92,36,3.29
266,Senador Pompeu,BR,2022-01-27 03:11:21,-5.5881,-39.3717,71.64,93,100,2.84
267,Tagusao,PH,2022-01-27 03:11:21,9.1924,117.8141,83.48,74,100,6.64
268,Kalawit,PH,2022-01-27 03:11:22,8.0667,122.5167,85.14,70,6,7.45
269,Butterworth,MY,2022-01-27 03:11:22,5.3991,100.3638,86.04,76,20,0.0
270,Lamar,US,2022-01-27 03:11:23,33.6668,-95.5836,43.36,41,20,4.61
271,Upernavik,GL,2022-01-27 03:11:24,72.7868,-56.1549,3.56,87,100,5.46
272,Los Llanos De Aridane,ES,2022-01-27 03:11:24,28.6585,-17.9182,56.95,75,75,8.01
273,Agdas,AZ,2022-01-27 03:11:25,40.65,47.4761,26.26,87,42,3.56
274,Woodward,US,2022-01-27 03:11:26,36.4337,-99.3904,23.97,88,75,10.36
275,Shiyan,CN,2022-01-27 03:11:27,32.6475,110.7781,36.03,94,100,3.47
276,Wawa,NG,2022-01-27 03:10:51,9.9022,4.4192,70.97,28,0,6.17
277,Faanui,PF,2022-01-27 03:12:28,-16.4833,-151.75,80.98,77,22,17.76
278,Garh Maharaja,PK,2022-01-27 03:12:29,30.8339,71.9053,48.7,40,0,3.42
279,Saint Anthony,US,2022-01-27 03:12:29,45.0205,-93.218,28.31,74,100,5.01
280,Anadyr,RU,2022-01-27 03:12:30,64.75,177.4833,-12.84,97,100,3.2
281,Grand-Santi,GF,2022-01-27 03:12:30,4.25,-54.3833,70.79,99,87,2.17
282,Qaqortoq,GL,2022-01-27 03:12:31,60.7167,-46.0333,23.5,59,97,20.83
283,Sale,MA,2022-01-27 03:12:32,34.0389,-6.8166,56.64,100,100,5.75
284,Juneau,US,2022-01-27 03:12:32,58.3019,-134.4197,37.22,96,100,4.61
285,Surt,LY,2022-01-27 03:12:33,31.2089,16.5887,52.39,60,23,11.63
286,Manado,ID,2022-01-27 03:07:40,1.487,124.8455,88.57,70,40,6.91
287,Nipawin,CA,2022-01-27 03:12:34,53.3668,-104.0009,14.04,79,100,25.32
288,Kaitangata,NZ,2022-01-27 03:12:35,-46.2817,169.8464,57.92,53,45,13.47
289,Lufilufi,WS,2022-01-27 03:12:35,-13.8745,-171.5986,82.18,77,29,13.82
290,Palmas,BR,2022-01-27 03:12:36,-10.2128,-48.3603,71.47,94,100,4.61
291,Panguna,PG,2022-01-27 03:12:37,-6.3164,155.4848,74.61,84,99,1.41
292,Chicama,PE,2022-01-27 03:12:37,-7.8447,-79.1469,66.74,73,100,5.28
293,Skjervoy,NO,2022-01-27 03:12:38,70.0311,20.9714,29.7,65,100,4.5
294,Doaba,PK,2022-01-27 03:12:39,33.4244,70.7364,41.74,38,0,2.39
295,Richards Bay,ZA,2022-01-27 03:12:15,-28.783,32.0377,72.9,96,35,6.96
296,Roswell,US,2022-01-27 03:12:40,34.0232,-84.3616,38.12,53,0,0.0
297,Khlong Luang,TH,2022-01-27 03:09:27,14.0647,100.6458,88.0,74,20,1.14
298,Bredasdorp,ZA,2022-01-27 03:12:41,-34.5322,20.0403,62.28,93,21,3.94
299,Mpophomeni,ZA,2022-01-27 03:12:41,-29.5682,30.1862,61.3,95,92,4.54
300,Sao Filipe,CV,2022-01-27 03:12:42,14.8961,-24.4956,74.08,71,92,14.34
301,El Rosario,MX,2022-01-27 03:12:43,24.2556,-107.1828,66.4,73,20,2.19
302,Urumqi,CN,2022-01-27 03:12:43,43.801,87.6005,-1.25,85,75,2.24
303,Port Blair,IN,2022-01-27 03:12:44,11.6667,92.75,82.44,69,40,9.22
304,Nagykallo,HU,2022-01-27 03:12:45,47.8749,21.8408,29.98,98,86,4.34
305,Don Sak,TH,2022-01-27 03:12:46,9.3168,99.6918,82.22,70,6,7.67
306,Ambon,ID,2022-01-27 03:12:47,-3.6954,128.1814,89.74,62,20,11.5
307,Atar,MR,2022-01-27 03:12:42,20.5169,-13.0499,62.51,51,25,9.08
308,Phitsanulok,TH,2022-01-27 03:12:48,16.9167,100.5,82.47,33,5,2.19
309,Ostrovnoy,RU,2022-01-27 03:12:19,68.0531,39.5131,13.17,97,82,20.89
310,Rio Gallegos,AR,2022-01-27 03:10:33,-51.6226,-69.2181,57.96,59,95,15.97
311,Beaumont,US,2022-01-27 03:10:06,30.0861,-94.1019,48.18,51,0,5.75
312,Makubetsu,JP,2022-01-27 03:12:50,45.3714,141.8211,24.85,65,99,11.07
313,Bend,US,2022-01-27 03:12:51,44.0582,-121.3153,32.81,81,0,1.01
314,Taksimo,RU,2022-01-27 03:12:51,56.3444,114.8794,-11.27,92,47,0.49
315,Beidao,CN,2022-01-27 03:12:52,34.5686,105.8933,32.65,85,100,3.22
316,Svetla Nad Sazavou,CZ,2022-01-27 03:12:53,49.668,15.4039,32.76,89,100,10.69
317,San Cristobal,VE,2022-01-27 03:12:53,7.7669,-72.225,71.78,89,94,1.61
318,Nacala,MZ,2022-01-27 03:12:54,-14.5428,40.6728,75.18,88,100,3.62
319,Kruisfontein,ZA,2022-01-27 03:12:54,-34.0033,24.7314,63.88,95,70,2.93
320,Nizip,TR,2022-01-27 03:12:55,37.0097,37.7942,35.73,99,100,4.03
321,Aginskoye,RU,2022-01-27 03:12:56,51.1,114.53,0.37,86,36,5.26
322,Fuling,CN,2022-01-27 03:12:56,29.7022,107.3919,45.37,93,100,1.59
323,San Policarpo,PH,2022-01-27 03:12:57,12.1791,125.5072,82.49,74,48,14.12
324,Santa Vitoria Do Palmar,BR,2022-01-27 03:09:03,-33.5189,-53.3681,71.31,87,100,16.42
325,Hambantota,LK,2022-01-27 03:13:58,6.1241,81.1185,75.69,74,100,10.11
326,Kozhva,RU,2022-01-27 03:13:59,65.1073,57.0459,10.13,95,96,6.6
327,Mahebourg,MU,2022-01-27 03:13:59,-20.4081,57.7,77.25,88,40,4.61
328,Jaisalmer,IN,2022-01-27 03:14:00,26.9147,70.9181,54.82,22,0,1.77
329,Aksu,CN,2022-01-27 03:10:36,41.1231,80.2644,23.83,54,0,1.36
330,Lagoa,PT,2022-01-27 03:14:01,39.05,-27.9833,58.73,81,26,11.7
331,Bereda,ES,2022-01-27 03:14:02,43.2686,-7.5406,39.15,100,30,1.83
332,Padang,ID,2022-01-27 03:13:48,-0.9492,100.3543,83.37,66,100,0.92
333,Svetlogorsk,BY,2022-01-27 03:14:03,52.6333,29.7333,16.34,96,98,7.23
334,Honiara,SB,2022-01-27 03:10:49,-9.4333,159.95,81.43,78,100,7.29
335,Katsuura,JP,2022-01-27 03:10:49,35.1333,140.3,53.19,60,100,12.3
336,Saint-Philippe,RE,2022-01-27 03:14:05,-21.3585,55.7679,71.19,64,23,7.49
337,Bonthe,SL,2022-01-27 03:14:06,7.5264,-12.505,77.36,82,51,4.29
338,Nome,US,2022-01-27 03:14:06,64.5011,-165.4064,-18.33,76,0,0.0
339,Tezu,IN,2022-01-27 03:14:07,27.9167,96.1667,61.83,58,99,2.86
340,Teguise,ES,2022-01-27 03:14:08,29.0605,-13.564,55.62,77,20,6.91
341,Kamaishi,JP,2022-01-27 03:14:08,39.2667,141.8833,39.58,50,5,13.87
342,Bulawayo,ZW,2022-01-27 03:14:09,-20.15,28.5833,63.57,97,100,12.12
343,Dharchula,IN,2022-01-27 03:14:10,29.85,80.5333,42.94,61,64,3.47
344,Kribi,CM,2022-01-27 03:14:11,2.95,9.9167,79.54,83,95,7.74
345,Hurghada,EG,2022-01-27 03:14:11,27.2574,33.8129,48.29,59,2,17.22
346,Karratha,AU,2022-01-27 03:14:12,-20.7377,116.8463,90.25,43,0,17.22
347,Juegang,CN,2022-01-27 03:14:13,32.3174,121.1855,46.9,75,100,13.42
348,Bonavista,CA,2022-01-27 03:14:14,48.6499,-53.1147,29.12,69,100,18.1
349,Maltahohe,NA,2022-01-27 03:09:33,-24.8333,16.9833,79.9,29,96,6.06
350,Mitu,CO,2022-01-27 03:14:15,1.1983,-70.1733,72.91,90,30,2.68
351,Jatibonico,CU,2022-01-27 03:14:15,21.9419,-79.17,70.09,75,0,4.09
352,Kiruna,SE,2022-01-27 03:14:16,67.8557,20.2251,14.92,92,100,2.3
353,Zhigansk,RU,2022-01-27 03:14:17,66.7697,123.3711,-22.13,100,65,5.68
354,Chernyshevskiy,RU,2022-01-27 03:14:17,63.0128,112.4714,-13.81,96,84,2.77
355,El Alto,PE,2022-01-27 03:14:18,-4.2714,-81.2147,70.61,75,96,11.81
356,Homer,US,2022-01-27 03:14:19,59.6425,-151.5483,28.27,85,100,8.05
357,Simplicio Mendes,BR,2022-01-27 03:11:12,-7.8539,-41.9103,69.57,95,100,3.56
358,Tual,ID,2022-01-27 03:14:20,-5.6667,132.75,84.06,76,96,4.59
359,Bull Savanna,JM,2022-01-27 03:14:21,17.8868,-77.5902,72.66,84,56,3.78
360,Nong Phai,TH,2022-01-27 03:14:21,15.9903,101.0618,89.11,31,9,1.63
361,Gujranwala,PK,2022-01-27 03:14:22,32.1617,74.1883,42.85,50,0,5.35
362,Uvira,CD,2022-01-27 03:14:23,-3.4067,29.1458,71.73,85,98,3.36
363,Lasa,IT,2022-01-27 03:14:23,46.6166,10.7002,30.36,51,70,5.95
364,Khasan,RU,2022-01-27 03:14:24,42.4308,130.6434,22.08,48,0,17.87
365,Hun,LY,2022-01-27 03:14:25,29.1268,15.9477,41.18,66,6,2.24
366,Waingapu,ID,2022-01-27 03:14:25,-9.6567,120.2641,86.47,66,100,14.47
367,Boende,CD,2022-01-27 03:14:26,-0.2167,20.8667,70.65,87,100,2.71
368,Honolulu,US,2022-01-27 03:14:26,21.3069,-157.8583,78.62,63,40,12.66
369,Ijero,NG,2022-01-27 03:14:27,6.4819,3.3803,78.69,73,2,1.5
370,Smidovich,RU,2022-01-27 03:15:28,48.6,133.8167,-5.26,95,98,3.71
371,Novikovo,RU,2022-01-27 03:15:28,51.1537,37.8879,-0.83,100,100,1.36
372,Khuzdar,PK,2022-01-27 03:15:29,27.7384,66.6434,42.67,25,0,6.29
373,Jinchang,CN,2022-01-27 03:15:30,38.4953,102.1739,23.29,46,100,2.13
374,Oda,JP,2022-01-27 03:15:30,35.1833,132.5,47.17,52,72,5.46
375,Farafangana,MG,2022-01-27 03:15:31,-22.8167,47.8333,73.49,81,97,5.99
376,Lakhimpur,IN,2022-01-27 03:15:32,27.95,80.7667,52.65,68,3,4.74
377,Raga,SS,2022-01-27 03:15:32,8.4596,25.678,68.49,21,89,8.59
378,Nanortalik,GL,2022-01-27 03:15:33,60.1432,-45.2371,24.49,89,100,22.73
379,Suluq,LY,2022-01-27 03:15:34,31.6682,20.2521,50.97,69,97,9.69
380,Kiunga,PG,2022-01-27 03:15:34,-6.1219,141.2906,72.07,98,100,2.66
381,Chauk,MM,2022-01-27 03:15:35,20.8833,94.8167,69.96,63,17,1.99
382,San Patricio,US,2022-01-27 03:15:36,28.017,-97.5169,55.38,76,85,9.84
383,Veriora,EE,2022-01-27 03:15:36,58.0079,27.3551,30.33,94,100,8.01
384,Oksfjord,NO,2022-01-27 03:13:57,70.2396,22.3479,27.52,91,100,3.09
385,Abbeville,FR,2022-01-27 03:15:37,50.1,1.8333,43.5,92,100,9.4
386,Axim,GH,2022-01-27 03:15:38,4.8699,-2.2405,77.9,87,2,2.17
387,Rio Grande,BR,2022-01-27 03:15:12,-32.035,-52.0986,75.31,92,100,16.02
388,Mabaruma,GY,2022-01-27 03:15:39,8.2,-59.7833,68.85,83,89,3.13
389,Coihaique,CL,2022-01-27 03:15:40,-45.5752,-72.0662,56.01,65,0,1.32
390,Secunda,ZA,2022-01-27 03:15:41,-26.55,29.1667,55.49,96,72,3.6
391,Henties Bay,NA,2022-01-27 03:15:41,-22.116,14.2845,66.85,88,98,6.73
392,Noumea,NC,2022-01-27 03:15:42,-22.2763,166.4572,85.98,99,90,16.46
393,Necochea,AR,2022-01-27 03:15:43,-38.5473,-58.7368,62.04,58,0,14.61
394,Hamilton,US,2022-01-27 03:15:43,39.1834,-84.5333,18.36,67,0,0.0
395,West Wendover,US,2022-01-27 03:15:44,40.7391,-114.0733,24.01,58,0,3.44
396,Araouane,ML,2022-01-27 03:15:45,18.9048,-3.5265,65.34,15,98,9.91
397,Bilma,NE,2022-01-27 03:15:45,18.6853,12.9164,51.12,39,8,8.46
398,Sayyan,YE,2022-01-27 03:15:46,15.1718,44.3244,46.2,69,2,1.12
399,Kenai,US,2022-01-27 03:15:47,60.5544,-151.2583,25.14,76,100,11.5
400,Ormara,PK,2022-01-27 03:15:47,25.2088,64.6357,64.81,42,0,3.78
401,Vorukh,TJ,2022-01-27 03:15:48,39.8494,70.5838,22.93,43,0,10.0
402,Klaksvik,FO,2022-01-27 03:15:49,62.2266,-6.589,36.52,75,100,30.42
403,Razole,IN,2022-01-27 03:15:49,16.4833,81.8333,73.69,85,55,3.71
404,Smithers,CA,2022-01-27 03:14:28,54.7804,-127.1743,23.45,97,100,0.22
405,Kabare,CD,2022-01-27 03:15:51,-2.4683,28.8242,60.93,90,100,1.54
406,Pionerskiy,RU,2022-01-27 03:15:52,54.9508,20.2275,40.84,86,100,24.09
407,Sawtell,AU,2022-01-27 03:15:52,-30.3833,153.1,78.82,69,100,9.22
408,Andros Town,BS,2022-01-27 03:15:53,24.7,-77.7667,73.36,68,6,4.88
409,Camacha,PT,2022-01-27 03:15:53,33.0833,-16.3333,55.53,72,75,9.22
410,Rudbar,AF,2022-01-27 03:15:54,30.15,62.6,47.08,33,0,6.31
411,Bahia Blanca,AR,2022-01-27 03:15:55,-38.7196,-62.2724,62.17,61,13,6.24
412,Tazovskiy,RU,2022-01-27 03:15:55,67.4667,78.7,-0.58,95,100,12.33
413,Gornopravdinsk,RU,2022-01-27 03:15:56,60.05,69.9,7.3,91,100,7.02
414,Louga,RU,2022-01-27 03:15:57,58.7372,29.8453,21.0,94,100,9.42
415,Vestmannaeyjar,IS,2022-01-27 03:14:50,63.4427,-20.2734,36.55,65,71,2.48
416,Turukhansk,RU,2022-01-27 03:15:58,65.8167,87.9833,-6.9,93,100,15.01
417,Sakakah,SA,2022-01-27 03:15:59,29.9697,40.2064,42.37,60,6,19.53
418,Bethel,US,2022-01-27 03:14:21,41.3712,-73.414,20.55,62,0,0.0
419,Yining,CN,2022-01-27 03:17:00,29.0361,114.5636,42.8,93,100,4.27
420,Upata,VE,2022-01-27 03:17:01,8.0086,-62.3989,67.68,78,34,3.44
421,Maniitsoq,GL,2022-01-27 03:17:02,65.4167,-52.9,15.3,92,100,10.25
422,Nichinan,JP,2022-01-27 03:17:03,31.6,131.3667,53.28,56,100,2.8
423,Kurayoshi,JP,2022-01-27 03:17:03,35.4333,133.8167,48.02,77,96,4.65
424,La Ronge,CA,2022-01-27 03:17:04,55.1001,-105.2842,5.22,72,20,6.91
425,Zharkent,KZ,2022-01-27 03:17:05,44.1628,80.0,22.69,63,51,1.92
426,Arlit,NE,2022-01-27 03:17:06,18.7369,7.3853,55.74,28,4,6.58
427,Mackay,AU,2022-01-27 03:17:06,-21.15,149.2,79.68,74,100,15.19
428,Morehead,US,2022-01-27 03:17:07,37.2711,-87.1764,21.15,79,0,0.0
429,Moura,PT,2022-01-27 03:17:09,38.1401,-7.4486,48.31,78,78,6.98
430,Solnechnyy,RU,2022-01-27 03:17:09,50.7214,136.6319,4.19,89,100,3.56
431,Kontagora,NG,2022-01-27 03:17:10,10.3999,5.4695,69.03,18,0,8.97
432,Nouadhibou,MR,2022-01-27 03:12:11,20.931,-17.0347,61.99,80,0,20.47
433,Alofi,NU,2022-01-27 03:17:11,-19.0595,-169.9187,84.09,74,21,9.22
434,Shikarpur,PK,2022-01-27 03:17:12,27.9571,68.6379,44.49,31,0,0.36
435,Belyy Yar,RU,2022-01-27 03:17:13,53.6039,91.3903,-2.31,84,100,2.24
436,Grindavik,IS,2022-01-27 03:13:19,63.8424,-22.4338,28.87,93,0,9.22
437,Guaruja,BR,2022-01-27 03:17:14,-23.9931,-46.2564,82.17,76,48,5.01
438,Kemijarvi,FI,2022-01-27 03:17:14,66.7131,27.4306,13.89,98,100,2.44
439,Bathsheba,BB,2022-01-27 03:17:15,13.2167,-59.5167,72.21,88,20,8.05
440,Sabang,ID,2022-01-27 03:17:16,5.8933,95.3214,81.14,74,27,3.69
441,Puerto Triunfo,CO,2022-01-27 03:17:16,5.8726,-74.6403,73.69,96,100,1.16
442,Kieta,PG,2022-01-27 03:17:17,-6.2167,155.6333,82.22,78,100,5.73
443,Spornoye,RU,2022-01-27 03:17:18,50.8448,37.2913,-0.11,100,100,3.51
444,Nova Vicosa,BR,2022-01-27 03:17:18,-17.8919,-39.3719,75.6,89,48,6.2
445,Marshall,US,2022-01-27 03:17:19,34.3834,-86.3333,33.01,60,0,1.01
446,Quelimane,MZ,2022-01-27 03:17:20,-17.8786,36.8883,76.95,88,75,6.91
447,Quatre Cocos,MU,2022-01-27 03:17:20,-20.2078,57.7625,78.1,72,16,11.3
448,Constantine,DZ,2022-01-27 03:17:21,36.365,6.6147,31.41,86,0,2.3
449,Zhangye,CN,2022-01-27 03:17:22,38.9342,100.4517,23.54,36,100,2.57
450,Tianpeng,CN,2022-01-27 03:17:22,30.9866,103.9393,43.27,67,97,2.53
451,Kabwe,ZM,2022-01-27 03:17:23,-14.4469,28.4464,59.61,97,100,5.53
452,Dwarka,IN,2022-01-27 03:17:07,22.2394,68.9678,64.87,43,0,9.44
453,Nampula,MZ,2022-01-27 03:17:24,-15.1165,39.2666,69.67,97,100,4.34
454,Agulu,NG,2022-01-27 03:17:25,6.11,7.0724,69.87,64,25,1.97
455,Warwick,US,2022-01-27 03:14:40,41.7001,-71.4162,18.91,44,0,10.36
456,Sao Felix Do Xingu,BR,2022-01-27 03:17:26,-6.6447,-51.995,71.53,96,100,1.52
457,Talnakh,RU,2022-01-27 03:17:26,69.4865,88.3972,1.2,96,100,14.83
458,Vardo,NO,2022-01-27 03:12:42,70.3705,31.1107,25.99,73,100,13.85
459,Ishigaki,JP,2022-01-27 03:16:53,24.3448,124.1572,75.33,69,40,11.5
460,Nouakchott,MR,2022-01-27 03:17:28,18.0858,-15.9785,64.33,62,100,13.91
461,Riohacha,CO,2022-01-27 03:16:53,11.5444,-72.9072,74.41,73,4,8.86
462,Sines,PT,2022-01-27 03:18:29,37.9562,-8.8698,52.29,71,87,5.99
463,Whitefish,US,2022-01-27 03:16:19,48.4111,-114.3376,21.2,89,0,3.44
464,Vidalia,US,2022-01-27 03:18:30,32.2177,-82.4135,49.78,81,0,6.91
465,Hawalli,KW,2022-01-27 03:18:31,29.2833,47.9972,61.92,67,96,1.01
466,Odweyne,SO,2022-01-27 03:18:32,9.4092,45.064,56.77,37,0,4.76
467,Fagersta,SE,2022-01-27 03:18:32,60.0042,15.7932,36.68,94,77,6.8
468,Sisimiut,GL,2022-01-27 03:18:33,66.9395,-53.6735,11.23,79,100,19.8
469,Kabinda,CD,2022-01-27 03:18:34,-6.1333,24.4833,65.41,96,100,3.51
470,Seydi,TM,2022-01-27 03:18:35,39.4816,62.9137,37.33,54,0,11.99
471,Kidal,ML,2022-01-27 03:18:35,18.4411,1.4078,59.88,24,68,16.28
472,Flin Flon,CA,2022-01-27 03:18:36,54.7682,-101.865,-4.2,83,26,12.06
473,Aykhal,RU,2022-01-27 03:18:37,66.0,111.5,-7.06,81,78,7.65
474,Kovernino,RU,2022-01-27 03:18:37,57.1253,43.8142,-6.03,100,97,2.91
475,Iqaluit,CA,2022-01-27 03:18:38,63.7506,-68.5145,-24.07,76,0,0.0
476,Waipawa,NZ,2022-01-27 03:18:39,-41.4122,175.5153,64.45,54,75,18.28
477,Talaya,RU,2022-01-27 03:18:40,61.3833,152.75,-29.94,98,100,2.44
478,Kobyzhcha,UA,2022-01-27 03:18:40,50.8285,31.5044,19.31,93,100,4.63
479,Grand Gaube,MU,2022-01-27 03:18:41,-20.0064,57.6608,78.39,66,17,1.99
480,Kavieng,PG,2022-01-27 03:18:42,-2.5744,150.7967,83.95,75,79,8.55
481,Chokwe,MZ,2022-01-27 03:17:28,-24.5333,32.9833,73.24,97,74,3.67
482,Calvinia,ZA,2022-01-27 03:18:43,-31.4707,19.776,71.71,29,0,3.24
483,Kuytun,RU,2022-01-27 03:18:43,54.3419,101.5036,-5.17,98,100,3.78
484,Marienburg,PL,2022-01-27 03:18:44,54.0359,19.0266,40.66,90,100,15.37
485,Tuy Hoa,VN,2022-01-27 03:14:23,13.0833,109.3,78.55,68,84,8.52
486,Saint-Joseph,RE,2022-01-27 03:18:45,-21.3667,55.6167,71.98,64,26,6.11
487,Fairview,US,2022-01-27 03:18:46,40.8126,-73.999,24.26,44,0,6.91
488,Yatou,CN,2022-01-27 03:18:15,37.15,122.3833,34.05,45,72,16.55
489,Zhangjiakou,CN,2022-01-27 03:18:01,40.81,114.8794,13.95,56,1,5.3
490,Preobrazheniye,RU,2022-01-27 03:18:47,42.9019,133.9064,23.09,43,0,3.69
491,Kisesa,TZ,2022-01-27 03:18:48,-3.0833,34.15,61.83,71,15,7.18
492,Mecca,SA,2022-01-27 03:18:48,21.4267,39.8261,62.62,54,82,14.65
493,Cap-Chat,CA,2022-01-27 03:18:49,49.1001,-66.6821,-11.2,70,66,10.36
494,Pokrovsk,UA,2022-01-27 03:18:50,48.282,37.1758,7.54,100,87,1.97
495,Bastia,FR,2022-01-27 03:18:50,42.6667,9.3333,50.31,71,0,5.99
496,San Carlos,VE,2022-01-27 03:18:51,9.6612,-68.5827,72.0,57,11,3.94
497,Falam,MM,2022-01-27 03:18:52,22.9167,93.6833,59.2,50,7,1.19
498,Esperance,AU,2022-01-27 03:18:52,-33.8667,121.9,69.64,79,100,10.54
499,Moree,AU,2022-01-27 03:18:53,-29.4667,149.85,75.22,78,100,14.97
500,Marovoay,MG,2022-01-27 03:18:54,-16.1,46.6333,73.54,92,97,4.25
501,Avera,US,2022-01-27 03:18:54,33.194,-82.5271,44.71,71,22,10.18
502,Moron,AR,2022-01-27 03:18:55,-34.6534,-58.6198,63.97,71,37,12.1
503,Biloxi,US,2022-01-27 03:18:56,30.396,-88.8853,45.03,47,0,10.36
504,Leningradskiy,RU,2022-01-27 03:18:56,69.3833,178.4167,-25.26,90,10,3.09
505,Pevek,RU,2022-01-27 03:18:57,69.7008,170.3133,-32.01,98,32,1.86
506,Griffith,US,2022-01-27 03:18:58,41.5284,-87.4237,10.89,70,0,4.0
507,Turbat,PK,2022-01-27 03:18:58,26.0023,63.044,57.74,21,0,7.76
508,Sao Joao Da Barra,BR,2022-01-27 03:20:00,-21.6403,-41.0511,75.36,85,2,20.24
509,Hohhot,CN,2022-01-27 03:20:01,40.8106,111.6522,19.69,35,0,2.24
510,Sola,VU,2022-01-27 03:20:02,-13.8833,167.55,88.47,74,40,5.75
511,Comodoro Rivadavia,AR,2022-01-27 03:16:33,-45.8667,-67.5,57.06,51,0,4.61
512,Pathein,MM,2022-01-27 03:20:03,16.7833,94.7333,77.95,56,6,4.83
513,Swift Current,CA,2022-01-27 03:15:30,50.2834,-107.8014,31.01,86,100,21.85
514,Brownsville,US,2022-01-27 03:15:15,25.9018,-97.4975,64.35,87,68,1.99
515,Umm Lajj,SA,2022-01-27 03:20:05,25.0213,37.2685,61.63,51,48,20.04
516,Koslan,RU,2022-01-27 03:20:05,63.4564,48.8989,-0.98,100,99,3.53
517,El Centro,US,2022-01-27 03:20:06,32.792,-115.563,57.22,30,0,3.44
518,Ozieri,IT,2022-01-27 03:20:07,40.586,9.0012,44.04,92,15,2.24
519,Mananjary,MG,2022-01-27 03:20:07,-21.2167,48.3333,72.3,82,28,2.3
520,Progreso,MX,2022-01-27 03:20:08,21.2833,-89.6667,74.1,81,21,11.68
521,Yantarnyy,RU,2022-01-27 03:20:09,54.8717,19.9381,40.86,93,100,24.58
522,Hobyo,SO,2022-01-27 03:20:09,5.3505,48.5268,74.14,70,45,14.94
523,Krasnoarmeyskiy,RU,2022-01-27 03:20:10,47.0114,42.2072,25.84,98,100,4.94
524,Broome,US,2022-01-27 03:20:11,42.2506,-75.833,6.66,77,10,1.01
525,Mafinga,TZ,2022-01-27 03:20:12,-7.25,35.0667,65.5,96,100,1.77
526,Kaspiyskiy,RU,2022-01-27 03:20:12,45.3929,47.3707,30.54,92,100,10.96
527,Agadez,NE,2022-01-27 03:20:13,19.75,10.25,48.22,42,4,10.92
528,Saint-Francois,FR,2022-01-27 03:20:14,46.4154,3.9054,26.04,93,100,2.3
529,Grand Baie,MU,2022-01-27 03:20:14,-20.0182,57.5802,78.46,65,26,1.99
530,Altay,CN,2022-01-27 03:20:15,47.8667,88.1167,7.75,81,100,1.28
531,Klobuck,PL,2022-01-27 03:20:16,50.9008,18.9367,34.16,93,100,13.22
532,Fort Nelson,CA,2022-01-27 03:15:30,58.8053,-122.7002,24.39,93,100,0.0
533,Banepa,NP,2022-01-27 03:20:17,27.6298,85.5214,41.32,93,20,0.0
534,Qui Nhon,VN,2022-01-27 03:20:18,13.7667,109.2333,77.81,70,92,10.16
535,Rawah,IQ,2022-01-27 03:20:18,34.4816,41.9093,45.97,58,36,14.2
536,Gilau,RO,2022-01-27 03:20:19,46.7324,23.3617,25.25,95,98,3.06
537,Olkhovka,RU,2022-01-27 03:20:20,53.2115,60.6069,16.43,93,100,9.62
538,Ferkessedougou,CI,2022-01-27 03:20:21,9.6,-5.2,70.5,19,0,2.77
539,Romanovskaya,RU,2022-01-27 03:20:22,47.5426,42.0285,25.27,97,99,4.14
540,Bonfim,BR,2022-01-27 03:20:23,3.0833,-59.95,79.99,63,68,6.04
541,Lapy,PL,2022-01-27 03:20:23,52.9911,22.8842,36.48,98,100,13.76
542,Angoche,MZ,2022-01-27 03:20:24,-16.2325,39.9086,74.44,90,100,7.02
543,Le Moule,GP,2022-01-27 03:20:25,16.3332,-61.3473,73.18,100,0,12.48
544,Aquin,HT,2022-01-27 03:20:25,18.2833,-73.4,75.16,79,36,2.39
545,Fortuna,US,2022-01-27 03:20:26,40.5982,-124.1573,45.93,93,100,1.01
546,Mae Hong Son,TH,2022-01-27 03:20:27,19.3003,97.9685,68.14,73,20,0.0
547,Camocim,BR,2022-01-27 03:19:00,-2.9022,-40.8411,75.24,90,100,8.55
548,Suoyarvi,RU,2022-01-27 03:20:28,62.0833,32.35,17.38,94,100,9.1
549,Tiznit,MA,2022-01-27 03:20:29,29.5833,-9.5,50.22,65,67,8.39
550,Nha Trang,VN,2022-01-27 03:20:29,12.25,109.1833,84.2,63,22,6.26
551,Ugoofaaru,MV,2022-01-27 03:20:30,5.6667,73.0,78.96,61,100,10.18
552,Najran,SA,2022-01-27 03:20:31,17.4924,44.1277,50.65,69,0,6.8
553,Aktau,KZ,2022-01-27 03:21:31,43.65,51.2,30.78,66,97,10.69
554,Lata,PT,2022-01-27 03:17:13,40.1629,-8.3327,46.81,77,71,5.17
555,Aswan,EG,2022-01-27 03:17:09,24.0934,32.907,43.38,59,0,11.14
556,Balad,IQ,2022-01-27 03:21:33,34.0164,44.1453,48.24,55,0,9.28
557,Khalkhal,IR,2022-01-27 03:21:33,37.6189,48.5258,27.97,97,91,3.58
558,Kalmunai,LK,2022-01-27 03:21:34,7.4167,81.8167,76.8,70,90,6.06
559,Clyde River,CA,2022-01-27 03:21:35,70.4692,-68.5914,-9.17,84,100,23.02
560,Ohangaron,UZ,2022-01-27 03:21:36,40.9064,69.6383,30.34,30,0,8.14
561,Sorong,ID,2022-01-27 03:21:37,-0.8833,131.25,84.54,71,96,9.22
562,College,US,2022-01-27 03:21:37,64.8569,-147.8028,-7.65,76,20,0.0
563,Bogande,BF,2022-01-27 03:21:38,12.9714,-0.1436,65.89,15,4,10.07
564,Santa Maria,BR,2022-01-27 03:21:39,-29.6842,-53.8069,76.3,94,0,3.44
565,Djambala,CG,2022-01-27 03:21:39,-2.5447,14.7533,66.04,94,61,3.76
566,Hofn,IS,2022-01-27 03:21:40,64.2539,-15.2082,30.78,52,100,7.38
567,Timra,SE,2022-01-27 03:21:41,62.487,17.3257,29.68,85,100,4.61
568,Yaring,TH,2022-01-27 03:21:41,6.8662,101.3689,84.24,69,91,11.61
569,Zhezkazgan,KZ,2022-01-27 03:21:42,47.8043,67.7144,-5.82,84,40,4.47
570,North Bend,US,2022-01-27 03:21:43,43.4065,-124.2243,45.91,99,0,0.0
571,Areia Branca,BR,2022-01-27 03:21:43,-4.9561,-37.1369,79.39,77,100,9.71
572,Pak Phanang,TH,2022-01-27 03:21:44,8.3511,100.202,89.04,69,23,8.77
573,Fenoarivo,MG,2022-01-27 03:21:45,-18.933,47.4354,59.07,88,40,3.44
574,Reconquista,AR,2022-01-27 03:21:46,-29.15,-59.65,76.14,90,78,10.58
575,Ponta Delgada,PT,2022-01-27 03:19:30,37.7333,-25.6667,57.92,62,20,12.66
576,Podporozhye,RU,2022-01-27 03:21:47,60.9112,34.1706,16.14,90,100,7.9
577,Labuhan,ID,2022-01-27 03:21:47,-6.8844,112.2051,83.77,73,100,11.36
